{
  "meta": {
    "lens_root": "hepdata_to_dashi",
    "observables_used": [
      "pTll_106_170",
      "pTll_170_350",
      "pTll_50_76",
      "pTll_76_106",
      "phistar_50_76"
    ],
    "total_points": 81,
    "ambient_dim": 10,
    "seed": 0,
    "null_reps": 50
  },
  "real": {
    "raw": {
      "name": "REAL_raw",
      "n": 81,
      "d": 10,
      "H1": 0.5244550704956055,
      "H2": 0.1287834644317627,
      "TwoNN": 3.234831766896417,
      "MLE": 3.9848686003596683,
      "PCA_cum3": 0.7185626680367875,
      "PCA_evr": [
        0.35216936135171206,
        0.22062082105025002,
        0.1457724856348254,
        0.09648553490792026,
        0.06087194275675712,
        0.049279578325050956,
        0.02810601624297265,
        0.02236781238399984,
        0.020928146968927232,
        0.003398300377584391
      ],
      "dmaps_eigs": [
        0.99999999999998,
        0.17448464470965447,
        0.11573090678782778,
        0.0759086758970462,
        0.05258695827452417,
        0.0358185040514951,
        0.027861814195441897,
        0.018715450319627843,
        0.017369825339028873,
        0.014139955559045332
      ],
      "isomap_resid": {
        "1": 0.3484215326374074,
        "2": 0.1721425944091084,
        "3": 0.10366890000490059,
        "4": 0.07558213384313361,
        "5": 0.058176773871859044,
        "6": 0.052068179931406444
      },
      "local_dim": {
        "local_dim_mean": 5.296296296296297,
        "local_dim_std": 0.6175308148345581,
        "local_dim_min": 4.0,
        "local_dim_max": 6.0
      }
    },
    "whitened": {
      "name": "REAL_whitened",
      "n": 81,
      "d": 10,
      "H1": 0.7291202545166016,
      "H2": 0.15435504913330078,
      "TwoNN": 3.544542595359279,
      "MLE": 5.578788373539054,
      "PCA_cum3": 0.3000013086085664,
      "PCA_evr": [
        0.10000045524820772,
        0.10000043831692941,
        0.10000041504342928,
        0.10000038000089305,
        0.10000031936394319,
        0.10000028071938148,
        0.10000012784760089,
        0.10000003657261311,
        0.1000000058183469,
        0.09999754106865484
      ],
      "dmaps_eigs": [
        0.9999999999999807,
        0.05514026572809076,
        0.054714223351160225,
        0.05456680588633251,
        0.0539276548630402,
        0.05315266736860761,
        0.0523613556275687,
        0.05165160430328161,
        0.05114098750126027,
        0.050087088441022345
      ],
      "isomap_resid": {
        "1": 0.8663979551473873,
        "2": 0.7362301864848136,
        "3": 0.5655894608035306,
        "4": 0.43073629807299285,
        "5": 0.35483216149873054,
        "6": 0.29851759883729145
      },
      "local_dim": {
        "local_dim_mean": 5.888888888888889,
        "local_dim_std": 0.628539361054709,
        "local_dim_min": 4.0,
        "local_dim_max": 7.0
      }
    },
    "topvar4": {
      "name": "REAL_topvar4_idx=[2, 8, 3, 9]",
      "n": 81,
      "d": 4,
      "H1": 0.36719363927841187,
      "H2": 0.12704288959503174,
      "TwoNN": 3.096175527641306,
      "MLE": 3.1475228358324774,
      "PCA_cum3": 0.9275646499693746,
      "PCA_evr": [
        0.4396936349916784,
        0.2465385145305153,
        0.24133250044718094,
        0.07243535003062535
      ],
      "dmaps_eigs": [
        0.9999999999999813,
        0.21704221742562935,
        0.13150559770510217,
        0.12581363538124388,
        0.04129178325340606,
        0.028771702915238416,
        0.019275356984876264,
        0.01622748677202229,
        0.011472310983031342,
        0.0061267295092841045
      ],
      "isomap_resid": {
        "1": 0.5304846889450785,
        "2": 0.3349124037264746,
        "3": 0.0684286725891271,
        "4": 0.04593857978638738,
        "5": 0.04593857978638738,
        "6": 0.04593857978638738
      },
      "local_dim": {
        "local_dim_mean": 3.45679012345679,
        "local_dim_std": 0.49812940745264234,
        "local_dim_min": 3.0,
        "local_dim_max": 4.0
      }
    }
  },
  "nulls": {
    "gaussian_raw": {
      "name": "NULL_gaussian_raw",
      "H1_mean": 0.3843503499031067,
      "H1_std": 0.0664791041564221,
      "H2_mean": 0.14925040245056154,
      "H2_std": 0.061549374504560266,
      "TwoNN_mean": 7.645314261868611,
      "TwoNN_std": 0.9333760586685537,
      "MLE_mean": 6.747792317569142,
      "MLE_std": 0.37749551604583276,
      "PCA_cum3_mean": 0.7387822828687268,
      "PCA_cum3_std": 0.020368199549688114
    },
    "shuffle_raw": {
      "name": "NULL_shuffle_raw",
      "H1_mean": 0.500741765499115,
      "H1_std": 0.05607434748803415,
      "H2_mean": 0.23675607681274413,
      "H2_std": 0.036284526034654804,
      "TwoNN_mean": 7.385537874514889,
      "TwoNN_std": 0.9298086287252387,
      "MLE_mean": 7.866548792484601,
      "MLE_std": 0.36458228744232013,
      "PCA_cum3_mean": 0.422138159254257,
      "PCA_cum3_std": 0.009637579390324601
    },
    "gaussian_then_whiten": {
      "name": "NULL_gaussian_then_whiten",
      "H1_mean": 0.5990850734710693,
      "H1_std": 0.09611190134019001,
      "H2_mean": 0.2564448165893555,
      "H2_std": 0.06918611709358434,
      "TwoNN_mean": 8.961572048705357,
      "TwoNN_std": 1.3535792603615888,
      "MLE_mean": 8.554263026131052,
      "MLE_std": 0.39932847348633915,
      "PCA_cum3_mean": 0.4350350089576085,
      "PCA_cum3_std": 0.013155692429672362
    },
    "shuffle_then_whiten": {
      "name": "NULL_shuffle_then_whiten",
      "H1_mean": 1.2387324714660644,
      "H1_std": 0.19415604284140384,
      "H2_mean": 0.4923678302764893,
      "H2_std": 0.1559314146378857,
      "TwoNN_mean": 6.942435132037705,
      "TwoNN_std": 1.0055521277441235,
      "MLE_mean": 6.20419904490203,
      "MLE_std": 0.24767263653405602,
      "PCA_cum3_mean": 0.811772741120324,
      "PCA_cum3_std": 0.01568227652930021
    }
  },
  "z_scores": {
    "RAW_H1_vs_gauss": 2.1075001290741175,
    "RAW_TwoNN_vs_gauss": -4.725300648121352,
    "WH_H1_vs_gauss": 1.3529560775612703,
    "WH_TwoNN_vs_gauss": -4.002003881098913
  }
}