variant,score,added_edges,density,num_strong_connect_comp,size_largest_scc,mean_close_centr,mean_between_centr,mean_eig_centr
ternary_l1_le_2,1.9956407059951642,29.0,0.4222222222222222,1.0,10.0,0.5757533256217467,0.09722222222222224,0.3026239949534212
rz_l1_le_1,1.7868612146202356,21.0,0.3333333333333333,1.0,10.0,0.4101902823227688,0.19861111111111113,0.25315754687747016
ternary_l1_le_1,1.7794039062636937,17.0,0.28888888888888886,1.0,10.0,0.36809022907900896,0.22361111111111115,0.2975225139869102
hybrid_l1_recurrence,1.7794039062636937,17.0,0.28888888888888886,1.0,10.0,0.36809022907900896,0.22361111111111115,0.2975225139869104
state_recurrence,1.6605824023655524,4.0,0.14444444444444443,1.0,10.0,0.23583922274457395,0.41111111111111115,0.2894242386454262
baseline,0.0006328460201803637,0.0,0.1,10.0,1.0,0.15713403880070548,0.16666666666666669,0.10262431068836715
