p,q,z,mask,forward_frac_min,forward_frac_mean,cone_forward_frac_min,cone_forward_frac_mean,max_Qd_violation_max,passed
1,2,0,"1,-1,-1",1.0,1.0,0.9166666666666666,0.9833333333333332,1.495033945981918,True
1,2,0,"-1,1,-1",1.0,1.0,0.75,0.8666666666666668,0.00010162693258069293,True
2,1,0,"1,1,-1",1.0,1.0,0.6666666666666666,0.7833333333333333,1.495033945981918,True
1,2,0,"-1,-1,1",1.0,1.0,0.08333333333333333,0.21666666666666665,9.869027913278277,True
2,1,0,"-1,1,1",1.0,1.0,0.0,0.016666666666666666,9.869027913278277,True
2,1,0,"1,-1,1",1.0,1.0,0.0,0.13333333333333333,41.146340779185984,True
