label,step_from,step_to,dA,Qd,violation,dv_pnorm,dv_dnorm,dv_arrow
pTll_76_106,9,10,1.0,1.495033945982918,1.495033945981918,-2.7747815773953417,-2.2032981531502704e-11,-2.490859059896738
