label,step_t,step_t1,A_t,A_t1,dA,Qd,Qd_minus_eps,dv_pnorm,dv_dnorm,dv_arrow
pTll_76_106,9,10,3.0,4.0,1.0,1.495033945982918,1.495033945981918,-2.7747815773953417,-2.2032981531502704e-11,-2.490859059896738
