qpin,s_q,overall_min,overall_mean,holdout_min,holdout_mean
0.99,0.08870066872814375,0.875,0.9903846153846154,1.0,1.0
