qpin,s_q,overall_min,overall_mean,holdout_min,holdout_mean
0.99,1659.709507671786,0.0,0.04807692307692308,0.0,0.052083333333333336
