dir,step_from,step_to,Q
forward,8,9,0.046180137330890325
forward,7,8,0.0001270329706797857
