window_start,labels,phase_mix,R_mean,R_range,z_mean,z_range,transition_weight_sum,unique_labels,repeat_count
1,A B C,phase1,0.3333333333333333,4,-0.3333333333333333,2,12,3,0
2,B C D,phase1,-1.0,0,-0.3333333333333333,2,9,3,0
3,C D E,phase1,-1.0,0,0.0,2,10,3,0
4,D E E1,phase1 phase2,-1.0,0,0.6666666666666666,1,6,3,0
5,E E1 F,phase1 phase2,-1.0,0,0.3333333333333333,1,6,3,0
6,E1 F G,phase2,-0.3333333333333333,2,0.3333333333333333,1,8,3,0
7,F G H,phase2,0.3333333333333333,2,0.3333333333333333,1,9,3,0
8,G H I,phase2,1.6666666666666667,2,0.6666666666666666,1,8,3,0
