{
  "inputs": {
    "lens_root": "/home/c/Documents/code/dashifine/hepdata_to_dashi",
    "beta_root": "/home/c/Documents/code/dashifine/hepdata_dashi_native",
    "n": 157,
    "d": 10,
    "observables": [
      "pTll_106_170",
      "pTll_170_350",
      "pTll_50_76",
      "pTll_76_106",
      "phistar_50_76"
    ],
    "prefer_dim": 10,
    "null_reps": 200,
    "seed": 0
  },
  "raw": {
    "TwoNN": 3.579372017369872,
    "MLE": 3.818713706549272,
    "PCA_evr": [
      0.3320975819305791,
      0.2204536382046799,
      0.1424959787108577,
      0.08614653977312627,
      0.06722718283400095,
      0.05065456324112393,
      0.037636446011826495,
      0.028007553397560184,
      0.026226948359798604,
      0.009053567536447116
    ],
    "PCA_cum3": 0.6950471988461167,
    "diffusion_eigs": [
      0.9999999999999992,
      0.9778557926653477,
      0.946596238872805,
      0.9104142270826396,
      0.8944210818148185,
      0.8660767963691464,
      0.8484595144540791,
      0.7988272553659238,
      0.7576565302255972,
      0.7248650382813092
    ],
    "isomap_resid": [
      0.40985928157102103,
      0.19232109565846722,
      0.12242097743231095,
      0.09471464667873586,
      0.07704786266744879,
      0.05582394201318297
    ],
    "H1": 0.5756832361221313,
    "H2": 0.1287834644317627
  },
  "whitened": {
    "TwoNN": 3.653678934934332,
    "MLE": 4.2571376064871345,
    "PCA_evr": [
      0.10000041945123435,
      0.10000039296879228,
      0.10000034987204891,
      0.10000027015445931,
      0.10000021342246672,
      0.10000012890791803,
      0.10000001032451286,
      0.099999851691241,
      0.09999980959478713,
      0.09999855361253941
    ],
    "PCA_cum3": 0.3000011622920755,
    "diffusion_eigs": [
      1.000000000000006,
      0.8896369084608512,
      0.8709247865694939,
      0.8231565154540303,
      0.8112194559017111,
      0.7947492417149293,
      0.7674770961114169,
      0.761480046138312,
      0.6974771084976044,
      0.6630526704479296
    ],
    "isomap_resid": [
      0.7917389721781408,
      0.6622005296529222,
      0.49217758819936386,
      0.35938704578554204,
      0.2929760214031648,
      0.21870677114118975
    ],
    "H1": 0.6783262491226196,
    "H2": 0.1942899227142334
  },
  "null_gaussian_raw": {
    "H1_mean": 0.44577406227588656,
    "H1_std": 0.06907353578931409,
    "TwoNN_mean": 8.262275042146177,
    "TwoNN_std": 0.8340846946592324
  },
  "z_scores_vs_gaussian_raw": {
    "H1": 1.8807372803744928,
    "TwoNN": -5.614421478731867
  },
  "trajectory_ph_beta_space": {
    "H1": null,
    "H2": null,
    "n_used": 0
  },
  "notes": [
    "Lens vectors auto-detected from npz/npy/csv; if you want strict key selection, use 26_lens_inspect.py to locate the exact key/file.",
    "Trajectory PH uses safe downsampling + n_perm approximation to avoid SIGKILL."
  ]
}