model,param_1,param_2,mse
rise_logistic_norm_t50_shift_t20,12.941360154486135,0.11303464620506179,0.0007144397846614834
