model,param_1,param_2,mse
rise_logistic_norm_t50_shift_t10,12.57947226721088,0.18780242125606186,0.0011860683711545168
