model,param_1,param_2,mse
rise_logistic_norm_t50_shift_tcurv,11.051951440488656,-0.020294265169615314,0.01474190214392169
