model,param_1,param_2,mse
gompertz_norm_t50,99.99999999999999,5.014755384298488,0.004048056060564444
logistic_norm_t50,12.346205851867575,0.9959877369437461,0.0003599398250286545
