model,param_1,param_2,mse
rise_loss_logistic_norm_t50_shift_t10,15.462264281318696,0.1439436065400968,0.0019675076202870013
