model,param_1,param_2,mse
rise_logistic_norm_t50_fixed_ct50,12.34619689833151,0.19050749921914506,0.0003599398250397975
shared_c,0.8054802151744889,,
