{
  "signature": {
    "positive": 5,
    "negative": 0,
    "zero": 0
  },
  "eigenvalues": [
    0.8025023157679788,
    0.09740093282217416,
    0.033466772721782716,
    0.03330436315004238,
    0.033325615538022844
  ]
}