{
  "spectral_radius": 1.2185947645353905,
  "contraction_fraction": 0.3333333333333333,
  "signature": [
    63,
    2,
    0
  ],
  "bootstrap_signatures": [
    [
      63,
      2,
      0
    ],
    [
      65,
      0,
      0
    ],
    [
      65,
      0,
      0
    ],
    [
      63,
      2,
      0
    ],
    [
      63,
      2,
      0
    ],
    [
      62,
      3,
      0
    ],
    [
      63,
      2,
      0
    ],
    [
      63,
      2,
      0
    ],
    [
      63,
      2,
      0
    ],
    [
      63,
      2,
      0
    ]
  ],
  "mdl_monotone_descent": false
}