{
  "signature": {
    "positive": 0,
    "negative": 2,
    "zero": 3
  },
  "eigenvalues": [
    -0.9999999999999944,
    -1.0964738508565158e-07,
    -1.160334757348468e-09,
    -2.8138868220346125e-10,
    -3.6227746746914117e-12
  ]
}