L1_monotone,L1_violations,L1_worst_increase,L2_monotone,L2_violations,L2_worst_increase,label,T_iter,beta_dim
True,0,1.8975033275683645e-13,True,0,1.9768635236905578e-13,dijet_chi_7tev_cms,12,5
True,0,-3.9094313891409786e-17,True,0,-3.842756442796556e-17,hgg_pt_8tev_atlas,12,5
True,0,-6.456871300807418e-14,True,0,-6.416180233415556e-14,pTll_106_170,12,5
True,0,-3.4625559736466504e-14,True,0,-3.4088312046775675e-14,pTll_170_350,12,5
True,0,-3.948187916191372e-14,True,0,-3.9399157032946304e-14,pTll_50_76,12,5
True,0,-3.4481058813701874e-13,True,0,-3.4333929053106757e-13,pTll_76_106,12,5
True,0,-1.0961132426294462e-12,True,0,-1.0958469107782709e-12,phistar_50_76,12,5
True,0,9.46453809873156e-13,True,0,9.416616978077703e-13,ttbar_mtt_8tev_cms,12,5
True,0,-8.576044334167938e-13,True,0,-8.44959502556703e-13,z_pt_7tev_atlas,12,5
