{
  "claims": {
    "contraction_evidence_beta": "Beta-flow distance-to-fixedpoint decays; ratio statistics provide an empirical contraction certificate for the fitted coefficient dynamics.",
    "manifold_low_dim": "TwoNN and MLE suggest intrinsic dimension well below ambient (10D), compared against Gaussian null with matched covariance.",
    "topology_signal": "H1 persistence in RAW/WHITENED compared against Gaussian null gives a simple effect-size measure; treat as evidence, not a theorem."
  },
  "details": {
    "RAW": {
      "d": 10,
      "diffusion_eigs": [
        0.999999999999,
        0.9625175105776346,
        0.8941997259478788,
        0.8274297504315333,
        0.7786867654385349,
        0.7316481054604446,
        0.6245781250976887,
        0.5865968965284911,
        0.49068623899259184,
        0.411992981495942
      ],
      "isomap_residual": [
        0.5621689030196967,
        0.34467540537152175,
        0.2802200527905431,
        0.25116022427723306,
        0.2302008577445681,
        0.21930260610543095
      ],
      "label": "RAW",
      "mle": 3.753771269443938,
      "n": 81,
      "pca_cum3": 0.7185626680367876,
      "pca_evr": [
        0.352169361351712,
        0.22062082105025044,
        0.14577248563482512,
        0.09648553490792033,
        0.06087194275675716,
        0.049279578325050984,
        0.02810601624297266,
        0.02236781238399984,
        0.020928146968927225,
        0.003398300377584392
      ],
      "ph": {
        "H0_bars": 81,
        "H0_max": 1.7388088703155518,
        "H1_bars": 32,
        "H1_max": 0.5244550704956055,
        "H2_bars": 4,
        "H2_max": 0.1287834644317627
      },
      "ph_thresh": 2.269440544038656,
      "twonn": 2.9115535657860394
    },
    "SUBSPACE": {
      "d": 4,
      "diffusion_eigs": [
        0.9999999999989999,
        0.9566125998650448,
        0.9125489625232244,
        0.8980433596659897,
        0.7963477778173663,
        0.7056330383377847,
        0.6353642614979751,
        0.591148858683498,
        0.5771889172672537,
        0.5103899199619467
      ],
      "isomap_residual": [
        0.53175901302197,
        0.336694895183269,
        0.1111569476276899,
        0.09693968882729143,
        0.08686318220998224,
        0.0858071191432015
      ],
      "label": "SUB_k=4 idx=[2, 8, 3, 9]",
      "mle": 2.7680968655485736,
      "n": 81,
      "pca_cum3": 0.9275646499693746,
      "pca_evr": [
        0.4396936349916784,
        0.2465385145305153,
        0.24133250044718094,
        0.07243535003062535
      ],
      "ph": {
        "H0_bars": 81,
        "H0_max": 0.9700520634651184,
        "H1_bars": 27,
        "H1_max": 0.36719363927841187,
        "H2_bars": 7,
        "H2_max": 0.07759690284729004
      },
      "ph_thresh": 1.3242244894822022,
      "twonn": 3.599132477807277
    },
    "SUBSPACE_WHITENED": {
      "d": 4,
      "diffusion_eigs": [
        0.9999999999989999,
        0.931007706253502,
        0.8941205206556079,
        0.8716102378285802,
        0.7923516510272982,
        0.7339433276239773,
        0.6952256686818514,
        0.6510532094283923,
        0.565650818544312,
        0.540360656710585
      ],
      "isomap_residual": [
        0.8389343196142265,
        0.6405747725766965,
        0.3802411993485022,
        0.1370225159143681,
        0.13558733961850744,
        0.13436353876045326
      ],
      "label": "SUBW_k=4 idx=[2, 8, 3, 9]",
      "mle": 2.6088193721671025,
      "n": 81,
      "pca_cum3": 0.7500011120139618,
      "pca_evr": [
        0.2500005456307855,
        0.25000028948081604,
        0.2500002769023603,
        0.24999888798603806
      ],
      "ph": {
        "H0_bars": 81,
        "H0_max": 1.7462208271026611,
        "H1_bars": 30,
        "H1_max": 0.5799450874328613,
        "H2_bars": 4,
        "H2_max": 0.04440045356750488
      },
      "ph_thresh": 2.097274252596196,
      "twonn": 4.674152318968075
    },
    "WHITENED": {
      "d": 10,
      "diffusion_eigs": [
        0.9999999999989999,
        0.7723116528415962,
        0.7324497553956331,
        0.6884001272958241,
        0.6528813950279215,
        0.6168071027367792,
        0.5516488002447335,
        0.525530313226464,
        0.47325109144893973,
        0.41179389939391176
      ],
      "isomap_residual": [
        0.9523358952179377,
        0.932369557691282,
        0.8408827807476553,
        0.7367571082829161,
        0.6623326404722921,
        0.5703712247932653
      ],
      "label": "WHITENED",
      "mle": 5.320708843965033,
      "n": 81,
      "pca_cum3": 0.3000031261419991,
      "pca_evr": [
        0.10000108754616319,
        0.10000104709778901,
        0.10000099149804689,
        0.10000090778247224,
        0.10000076292280005,
        0.10000067060234458,
        0.10000030539817933,
        0.1000000873468655,
        0.10000001387660878,
        0.09999412592873037
      ],
      "ph": {
        "H0_bars": 81,
        "H0_max": 3.5529844760894775,
        "H1_bars": 37,
        "H1_max": 0.7291100025177002,
        "H2_bars": 9,
        "H2_max": 0.1543562412261963
      },
      "ph_thresh": 3.7804485946675017,
      "twonn": 3.078926959051004
    },
    "beta_contraction": {},
    "beta_plots": [],
    "null_RAW": {
      "gauss": {
        "H1_mean": 0.36428956806659696,
        "H1_std": 0.06880820855684562,
        "H2_mean": 0.1324105006456375,
        "H2_std": 0.05093879611856901,
        "PCA_cum3_mean": 0.735835096720345,
        "PCA_cum3_std": 0.021426097223071667,
        "TwoNN_mean": 7.619154026083521,
        "TwoNN_std": 1.0700660017073236,
        "reps": 200
      },
      "shuffle": {
        "H1_mean": 0.47733097076416015,
        "H1_std": 0.05355147371877079,
        "H2_mean": 0.20351265072822572,
        "H2_std": 0.0383095982621757,
        "PCA_cum3_mean": 0.4250961977281541,
        "PCA_cum3_std": 0.015724384756275824,
        "TwoNN_mean": 7.366799394041843,
        "TwoNN_std": 1.2274728462583073,
        "reps": 200
      }
    },
    "null_WHITENED": {
      "gauss": {
        "H1_mean": 0.6016717207431793,
        "H1_std": 0.0942882977879595,
        "H2_mean": 0.25175344467163085,
        "H2_std": 0.07576979091478563,
        "PCA_cum3_mean": 0.3000036855325754,
        "PCA_cum3_std": 4.135822916838445e-07,
        "TwoNN_mean": 8.986406107395881,
        "TwoNN_std": 1.3508932037186416,
        "reps": 200
      },
      "shuffle": {
        "H1_mean": 0.7366991996765136,
        "H1_std": 0.08389312088584389,
        "H2_mean": 0.3249525237083435,
        "H2_std": 0.05838761596930076,
        "PCA_cum3_mean": 0.3000003046232959,
        "PCA_cum3_std": 3.284385905812367e-08,
        "TwoNN_mean": 7.699215247391877,
        "TwoNN_std": 1.2705232088613017,
        "reps": 200
      }
    }
  },
  "headline": {
    "RAW": {
      "H1": 0.5244550704956055,
      "H2": 0.1287834644317627,
      "d": 10,
      "mle": 3.753771269443938,
      "n": 81,
      "pca_cum3": 0.7185626680367876,
      "twonn": 2.9115535657860394
    },
    "SUBSPACE": {
      "H1": 0.36719363927841187,
      "H2": 0.07759690284729004,
      "d": 4,
      "mle": 2.7680968655485736,
      "n": 81,
      "pca_cum3": 0.9275646499693746,
      "twonn": 3.599132477807277
    },
    "SUBSPACE_WHITENED": {
      "H1": 0.5799450874328613,
      "H2": 0.04440045356750488,
      "d": 4,
      "mle": 2.6088193721671025,
      "n": 81,
      "pca_cum3": 0.7500011120139618,
      "twonn": 4.674152318968075
    },
    "WHITENED": {
      "H1": 0.7291100025177002,
      "H2": 0.1543562412261963,
      "d": 10,
      "mle": 5.320708843965033,
      "n": 81,
      "pca_cum3": 0.3000031261419991,
      "twonn": 3.078926959051004
    },
    "Z": {
      "RAW_H1_vs_Gauss": 2.327709233945372,
      "RAW_TwoNN_vs_Gauss": -4.399355229290864
    }
  },
  "inputs": {
    "beta_root": "hepdata_dashi_native",