{
  "lens_space": {
    "N": 81,
    "d": 10,
    "observables": [
      "pTll_106_170",
      "pTll_170_350",
      "pTll_50_76",
      "pTll_76_106",
      "phistar_50_76"
    ]
  },
  "contraction": {
    "proxy_projection": {
      "raw_l2": {
        "metric": "l2",
        "max": 1.6949545158263581,
        "p99": 1.1085157685159954,
        "p95": 0.9305784571653967,
        "median": 0.6468965392713539,
        "n": 5000
      },
      "raw_linf": {
        "metric": "linf",
        "max": 1.3296024279961802,
        "p99": 1.054296268107089,
        "p95": 0.9051499544160025,
        "median": 0.6385655378930734,
        "n": 5000
      },
      "raw_ultra": {
        "metric": "ultra",
        "max": 63.999999995904005,
        "p99": 15.999999999743999,
        "p95": 7.999999999871999,
        "median": 0.999999999992,
        "n": 5000
      },
      "white_l2": {
        "metric": "l2",
        "max": 1.028504029265479,
        "p99": 0.897596711783471,
        "p95": 0.8078018982850106,
        "median": 0.5601931985432685,
        "n": 5000
      }
    }
  },
  "quadratic_form": {
    "lens_space_proxy": {
      "space": "whitened",
      "lambda": 0.04317725752508361,
      "G": [
        [
          0.0005363360207618939,
          0.00020641277143709796,
          0.000663284554241386,
          -0.0004801903804143367,
          0.00014509349624030316,
          0.0007582862482082511,
          0.001133111113495701,
          -0.00014854810329364374,
          -0.0007600135517349215,
          0.0002953689030606172
        ],
        [
          0.00020641277143709796,
          0.0001683671742811627,
          -0.0005734647708545316,
          -0.0008653790668618082,
          0.0007531043376282404,
          0.00018309417382704924,
          0.0001727303526670276,
          0.00016927574561368704,
          -0.0001727303526670276,
          -0.0001597755762170005
        ],
        [
          0.000663284554241386,
          -0.0005734647708545316,
          0.00016584772482824454,
          -0.0003800067758674607,
          -0.00016841209385035191,
          -0.0001796395667737087,
          0.0,
          0.0003938252040808229,
          9.672899749353546e-05,
          0.0001520027103469843
        ],
        [
          -0.0004801903804143367,
          -0.0008653790668618082,
          -0.0003800067758674607,
          -0.0005574872132328315,
          0.0001934579949870709,
          -9.672899749353546e-05,
          0.0005112818438944017,
          0.0002867323854272658,
          0.0005907378061212344,
          -2.4182249373383864e-05
        ],
        [
          0.00014509349624030316,
          0.0007531043376282404,
          -0.00016841209385035191,
          0.0001934579949870709,
          0.0005598622555820032,
          -3.411424465173795e-05,
          0.0001934579949870709,
          -0.00037309756176077957,
          -0.0004974634156810395,
          -0.0002072764232004331
        ],
        [
          0.0007582862482082511,
          0.00018309417382704924,
          -0.0001796395667737087,
          -9.672899749353546e-05,
          -3.411424465173795e-05,
          -0.0005225093168177584,
          -0.0002677320466338928,
          -0.00012609315744693014,
          -0.00013904793389695722,
          -5.0091802273438e-05
        ],
        [
          0.001133111113495701,
          0.0001727303526670276,
          0.0,
          0.0005112818438944017,
          0.0001934579949870709,
          -0.0002677320466338928,
          0.0003748248652874499,
          -0.0002970962065872875,
          -0.0010778374006422521,
          -0.0003558245264940768
        ],
        [
          -0.00014854810329364374,
          0.00016927574561368704,
          0.0003938252040808229,
          0.0002867323854272658,
          -0.00037309756176077957,
          -0.00012609315744693014,
          -0.0002970962065872875,
          0.0002029581643837574,
          -0.00029191429600727663,
          0.00023145867257381699
        ],
        [
          -0.0007600135517349215,
          -0.0001727303526670276,
          9.672899749353546e-05,
          0.0005907378061212344,
          -0.0004974634156810395,
          -0.00013904793389695722,
          -0.0010778374006422521,
          -0.00029191429600727663,
          0.0005026453262610503,
          -6.909214106681103e-05
        ],
        [
          0.0002953689030606172,
          -0.0001597755762170005,
          0.0001520027103469843,
          -2.4182249373383864e-05,
          -0.0002072764232004331,
          -5.0091802273438e-05,
          -0.0003558245264940768,
          0.00023145867257381699,
          -6.909214106681103e-05,
          -0.00012177489863025445
        ]
      ],
      "signature": {
        "pos": 5,
        "neg": 5,
        "zero": 0,
        "evals": [
          -0.0021307818617560957,
          -0.0015207211632514961,
          -0.0004760194585789564,
          -0.00025668768086372306,
          -0.000120420557038462,
          0.00014834825090790835,
          0.00048514877449141574,
          0.0008759493773229446,
          0.0015011273046911867,
          0.002803127116779997
        ]
      },
      "bootstrap_top_signatures": [
        [
          [
            5,
            5,
            0
          ],
          31
        ],
        [
          [
            4,
            6,
            0
          ],
          10
        ],
        [
          [
            6,
            4,
            0
          ],
          8
        ],
        [
          [
            5,
            4,
            1
          ],
          1
        ]
      ],
      "note": "This G is fitted for the proxy projection map (kNN-mean). Swap Fw for your true DASHI map on lens vectors to make this a direct test."
    }
  },
  "beta_flow": {
    "pTll_106_170": {
      "T": 13,
      "dist_to_final": [
        6.763918506104636,
        6.764889987586525,
        6.764985438360032,
        6.7649768877522725,
        6.764795192583946,
        6.762981311933003,
        6.746011536905114,
        6.638947222995464,
        6.215070533469071,
        4.058392317015318,
        0.9380026580257038,
        0.09959449725367485,
        0.0
      ],
      "ratio_median": 0.9908100136322788,
      "ratio_max": 1.0001436270234498
    },
    "pTll_170_350": {
      "T": 13,
      "dist_to_final": [
        7.2859112212541675,
        7.286017180931209,
        7.286006119218063,
        7.285788547595336,
        7.283616057690695,
        7.263195279862006,
        7.136781299403839,
        6.877122386459066,
        5.981379982041621,
        2.8515175049164103,
        0.5429647289581252,
        0.05595524049443353,
        0.0
      ],
      "ratio_median": 0.9731060350864869,
      "ratio_max": 1.000014543091979
    },
    "pTll_50_76": {
      "T": 13,
      "dist_to_final": [
        6.1321896738749135,
        6.132645598227578,
        6.132689711931459,
        6.132678490549708,
        6.132521232385876,
        6.130963852929908,
        6.117106183318306,
        6.044770091299019,
        5.665881306482341,
        3.511675985483201,
        0.7303088327159906,
        0.07476354072133973,
        0.0
      ],
      "ratio_median": 0.9929572548773369,
      "ratio_max": 1.0000743493559252
    },
    "pTll_76_106": {
      "T": 13,
      "dist_to_final": [
        5.669265966127547,
        5.673709722491629,
        5.674160490346311,
        5.674214169168491,
        5.674304994267034,
        5.675168056915096,
        5.683730359258765,
        5.760312181192486,
        5.984376446506443,
        5.395648888962894,
        2.619728415310824,
        0.40117688674570184,
        0.0
      ],
      "ratio_median": 1.0000477275808262,
      "ratio_max": 1.0388979378662029
    },
    "phistar_50_76": {
      "T": 13,