{
  "signature": {
    "positive": 5,
    "negative": 0,
    "zero": 0
  },
  "eigenvalues": [
    1.0049262395572787,
    1.0098967073375815,
    12.69020619320477,
    715.1592065248337,
    3158622036.3839707
  ]
}